9020178928,Suspect-0
9020178929,Suspect-1
9020178930,Suspect-2
9020178931,Suspect-3
9020178932,Suspect-4
9020178933,Suspect-5
9020178934,Suspect-6
9020178935,Suspect-7
9020178936,Suspect-8
9020178937,Suspect-9
9020178938,Suspect-10
9020178939,Suspect-11
9020178940,Suspect-12
9020178941,Suspect-13
9020178942,Suspect-14
9020178943,Suspect-15
9020178944,Suspect-16
9020178945,Suspect-17
9020178946,Suspect-18
9020178947,Suspect-19
9020178948,Suspect-20
9020178949,Suspect-21
9020178950,Suspect-22
9020178951,Suspect-23
9020178952,Suspect-24
9020178953,Suspect-25
9020178954,Suspect-26
9020178955,Suspect-27
9020178956,Suspect-28
9020178957,Suspect-29
9020178958,Suspect-30
9020178959,Suspect-31
9020178960,Suspect-32
9020178961,Suspect-33
9020178962,Suspect-34
9020178963,Suspect-35
9020178964,Suspect-36
9020178965,Suspect-37
9020178966,Suspect-38
9020178967,Suspect-39
9020178968,Suspect-40
9020178969,Suspect-41
9020178970,Suspect-42
9020178971,Suspect-43
9020178972,Suspect-44
9020178973,Suspect-45
9020178974,Suspect-46
9020178975,Suspect-47
9020178976,Suspect-48
9020178977,Suspect-49
9020178978,Suspect-50
9020178979,Suspect-51
9020178980,Suspect-52
9020178981,Suspect-53
9020178982,Suspect-54
9020178983,Suspect-55
9020178984,Suspect-56
9020178985,Suspect-57
9020178986,Suspect-58
9020178987,Suspect-59
9020178988,Suspect-60
9020178989,Suspect-61
9020178990,Suspect-62
9020178991,Suspect-63
9020178992,Suspect-64
9020178993,Suspect-65
9020178994,Suspect-66
9020178995,Suspect-67
9020178996,Suspect-68
9020178997,Suspect-69
9020178998,Suspect-70
9020178999,Suspect-71
9020179000,Suspect-72
9020179001,Suspect-73
9020179002,Suspect-74
9020179003,Suspect-75
9020179004,Suspect-76
9020179005,Suspect-77
9020179006,Suspect-78
9020179007,Suspect-79
9020179008,Suspect-80
9020179009,Suspect-81
9020179010,Suspect-82
9020179011,Suspect-83
9020179012,Suspect-84
9020179013,Suspect-85
9020179014,Suspect-86
9020179015,Suspect-87
9020179016,Suspect-88
9020179017,Suspect-89
9020179018,Suspect-90
9020179019,Suspect-91
9020179020,Suspect-92
9020179021,Suspect-93
9020179022,Suspect-94
9020179023,Suspect-95
9020179024,Suspect-96
9020179025,Suspect-97
9020179026,Suspect-98
9020179027,Suspect-99
9020179028,Suspect-100
9020179029,Suspect-101
9020179030,Suspect-102
9020179031,Suspect-103
9020179032,Suspect-104
9020179033,Suspect-105
9020179034,Suspect-106
9020179035,Suspect-107
9020179036,Suspect-108
9020179037,Suspect-109
9020179038,Suspect-110
9020179039,Suspect-111
9020179040,Suspect-112
9020179041,Suspect-113
9020179042,Suspect-114
9020179043,Suspect-115
9020179044,Suspect-116
9020179045,Suspect-117
9020179046,Suspect-118
9020179047,Suspect-119
9020179048,Suspect-120
9020179049,Suspect-121
9020179050,Suspect-122
9020179051,Suspect-123
9020179052,Suspect-124
9020179053,Suspect-125
9020179054,Suspect-126
9020179055,Suspect-127
9020179056,Suspect-128
9020179057,Suspect-129
9020179058,Suspect-130
9020179059,Suspect-131
9020179060,Suspect-132
9020179061,Suspect-133
9020179062,Suspect-134
9020179063,Suspect-135
9020179064,Suspect-136
9020179065,Suspect-137
9020179066,Suspect-138
9020179067,Suspect-139
9020179068,Suspect-140
9020179069,Suspect-141
9020179070,Suspect-142
9020179071,Suspect-143
9020179072,Suspect-144
9020179073,Suspect-145
9020179074,Suspect-146
9020179075,Suspect-147
9020179076,Suspect-148
9020179077,Suspect-149
9020179078,Suspect-150
9020179079,Suspect-151
9020179080,Suspect-152
9020179081,Suspect-153
9020179082,Suspect-154
9020179083,Suspect-155
9020179084,Suspect-156
9020179085,Suspect-157
9020179086,Suspect-158
9020179087,Suspect-159
9020179088,Suspect-160
9020179089,Suspect-161
9020179090,Suspect-162
9020179091,Suspect-163
9020179092,Suspect-164
9020179093,Suspect-165
9020179094,Suspect-166
9020179095,Suspect-167
9020179096,Suspect-168
9020179097,Suspect-169
9020179098,Suspect-170
9020179099,Suspect-171
9020179100,Suspect-172
9020179101,Suspect-173
9020179102,Suspect-174
9020179103,Suspect-175
9020179104,Suspect-176
9020179105,Suspect-177
9020179106,Suspect-178
9020179107,Suspect-179
9020179108,Suspect-180
9020179109,Suspect-181
9020179110,Suspect-182
9020179111,Suspect-183
9020179112,Suspect-184
9020179113,Suspect-185
9020179114,Suspect-186
9020179115,Suspect-187
9020179116,Suspect-188
9020179117,Suspect-189
9020179118,Suspect-190
9020179119,Suspect-191
9020179120,Suspect-192
9020179121,Suspect-193
9020179122,Suspect-194
9020179123,Suspect-195
9020179124,Suspect-196
9020179125,Suspect-197
9020179126,Suspect-198
9020179127,Suspect-199
9020179128,Suspect-200
9020179129,Suspect-201
9020179130,Suspect-202
9020179131,Suspect-203
9020179132,Suspect-204
9020179133,Suspect-205
9020179134,Suspect-206
9020179135,Suspect-207
9020179136,Suspect-208
9020179137,Suspect-209
9020179138,Suspect-210
9020179139,Suspect-211
9020179140,Suspect-212
9020179141,Suspect-213
9020179142,Suspect-214
9020179143,Suspect-215
9020179144,Suspect-216
9020179145,Suspect-217
9020179146,Suspect-218
9020179147,Suspect-219
9020179148,Suspect-220
9020179149,Suspect-221
9020179150,Suspect-222
9020179151,Suspect-223
9020179152,Suspect-224
9020179153,Suspect-225
9020179154,Suspect-226
9020179155,Suspect-227
9020179156,Suspect-228
9020179157,Suspect-229
9020179158,Suspect-230
9020179159,Suspect-231
9020179160,Suspect-232
9020179161,Suspect-233
9020179162,Suspect-234
9020179163,Suspect-235
9020179164,Suspect-236
9020179165,Suspect-237
9020179166,Suspect-238
9020179167,Suspect-239
9020179168,Suspect-240
9020179169,Suspect-241
9020179170,Suspect-242
9020179171,Suspect-243
9020179172,Suspect-244
9020179173,Suspect-245
9020179174,Suspect-246
9020179175,Suspect-247
9020179176,Suspect-248
9020179177,Suspect-249
9020179178,Suspect-250
9020179179,Suspect-251
9020179180,Suspect-252
9020179181,Suspect-253
9020179182,Suspect-254
9020179183,Suspect-255
9020179184,Suspect-256
9020179185,Suspect-257
9020179186,Suspect-258
9020179187,Suspect-259
9020179188,Suspect-260
9020179189,Suspect-261
9020179190,Suspect-262
9020179191,Suspect-263
9020179192,Suspect-264
9020179193,Suspect-265
9020179194,Suspect-266
9020179195,Suspect-267
9020179196,Suspect-268
9020179197,Suspect-269
9020179198,Suspect-270
9020179199,Suspect-271
9020179200,Suspect-272
9020179201,Suspect-273
9020179202,Suspect-274
9020179203,Suspect-275
9020179204,Suspect-276
9020179205,Suspect-277
9020179206,Suspect-278
9020179207,Suspect-279
9020179208,Suspect-280
9020179209,Suspect-281
9020179210,Suspect-282
9020179211,Suspect-283
9020179212,Suspect-284
9020179213,Suspect-285
9020179214,Suspect-286
9020179215,Suspect-287
9020179216,Suspect-288
9020179217,Suspect-289
9020179218,Suspect-290
9020179219,Suspect-291
9020179220,Suspect-292
9020179221,Suspect-293
9020179222,Suspect-294
9020179223,Suspect-295
9020179224,Suspect-296
9020179225,Suspect-297
9020179226,Suspect-298
9020179227,Suspect-299
9020179228,Suspect-300
9020179229,Suspect-301
9020179230,Suspect-302
9020179231,Suspect-303
9020179232,Suspect-304
9020179233,Suspect-305
9020179234,Suspect-306
9020179235,Suspect-307
9020179236,Suspect-308
9020179237,Suspect-309
9020179238,Suspect-310
9020179239,Suspect-311
9020179240,Suspect-312
9020179241,Suspect-313
9020179242,Suspect-314
9020179243,Suspect-315
9020179244,Suspect-316
9020179245,Suspect-317
9020179246,Suspect-318
9020179247,Suspect-319
9020179248,Suspect-320
9020179249,Suspect-321
9020179250,Suspect-322
9020179251,Suspect-323
9020179252,Suspect-324
9020179253,Suspect-325
9020179254,Suspect-326
9020179255,Suspect-327
9020179256,Suspect-328
9020179257,Suspect-329
9020179258,Suspect-330
9020179259,Suspect-331
9020179260,Suspect-332
9020179261,Suspect-333
9020179262,Suspect-334
9020179263,Suspect-335
9020179264,Suspect-336
9020179265,Suspect-337
9020179266,Suspect-338
9020179267,Suspect-339
9020179268,Suspect-340
9020179269,Suspect-341
9020179270,Suspect-342
9020179271,Suspect-343
9020179272,Suspect-344
9020179273,Suspect-345
9020179274,Suspect-346
9020179275,Suspect-347
9020179276,Suspect-348
9020179277,Suspect-349
9020179278,Suspect-350
9020179279,Suspect-351
9020179280,Suspect-352
9020179281,Suspect-353
9020179282,Suspect-354
9020179283,Suspect-355
9020179284,Suspect-356
9020179285,Suspect-357
9020179286,Suspect-358
9020179287,Suspect-359
9020179288,Suspect-360
9020179289,Suspect-361
9020179290,Suspect-362
9020179291,Suspect-363
9020179292,Suspect-364
9020179293,Suspect-365
9020179294,Suspect-366
9020179295,Suspect-367
9020179296,Suspect-368
9020179297,Suspect-369
9020179298,Suspect-370
9020179299,Suspect-371
9020179300,Suspect-372
9020179301,Suspect-373
9020179302,Suspect-374
9020179303,Suspect-375
9020179304,Suspect-376
9020179305,Suspect-377
9020179306,Suspect-378
9020179307,Suspect-379
9020179308,Suspect-380
9020179309,Suspect-381
9020179310,Suspect-382
9020179311,Suspect-383
9020179312,Suspect-384
9020179313,Suspect-385
9020179314,Suspect-386
9020179315,Suspect-387
9020179316,Suspect-388
9020179317,Suspect-389
9020179318,Suspect-390
9020179319,Suspect-391
9020179320,Suspect-392
9020179321,Suspect-393
9020179322,Suspect-394
9020179323,Suspect-395
9020179324,Suspect-396
9020179325,Suspect-397
9020179326,Suspect-398
9020179327,Suspect-399
9020179328,Suspect-400
9020179329,Suspect-401
9020179330,Suspect-402
9020179331,Suspect-403
9020179332,Suspect-404
9020179333,Suspect-405
9020179334,Suspect-406
9020179335,Suspect-407
9020179336,Suspect-408
9020179337,Suspect-409
9020179338,Suspect-410
9020179339,Suspect-411
9020179340,Suspect-412
9020179341,Suspect-413
9020179342,Suspect-414
9020179343,Suspect-415
9020179344,Suspect-416
9020179345,Suspect-417
9020179346,Suspect-418
9020179347,Suspect-419
9020179348,Suspect-420
9020179349,Suspect-421
9020179350,Suspect-422
9020179351,Suspect-423
9020179352,Suspect-424
9020179353,Suspect-425
9020179354,Suspect-426
9020179355,Suspect-427
9020179356,Suspect-428
9020179357,Suspect-429
9020179358,Suspect-430
9020179359,Suspect-431
9020179360,Suspect-432
9020179361,Suspect-433
9020179362,Suspect-434
9020179363,Suspect-435
9020179364,Suspect-436
9020179365,Suspect-437
9020179366,Suspect-438
9020179367,Suspect-439
9020179368,Suspect-440
9020179369,Suspect-441
9020179370,Suspect-442
9020179371,Suspect-443
9020179372,Suspect-444
9020179373,Suspect-445
9020179374,Suspect-446
9020179375,Suspect-447
9020179376,Suspect-448
9020179377,Suspect-449
9020179378,Suspect-450
9020179379,Suspect-451
9020179380,Suspect-452
9020179381,Suspect-453
9020179382,Suspect-454
9020179383,Suspect-455
9020179384,Suspect-456
9020179385,Suspect-457
9020179386,Suspect-458
9020179387,Suspect-459
9020179388,Suspect-460
9020179389,Suspect-461
9020179390,Suspect-462
9020179391,Suspect-463
9020179392,Suspect-464
9020179393,Suspect-465
9020179394,Suspect-466
9020179395,Suspect-467
9020179396,Suspect-468
9020179397,Suspect-469
9020179398,Suspect-470
9020179399,Suspect-471
9020179400,Suspect-472
9020179401,Suspect-473
9020179402,Suspect-474
9020179403,Suspect-475
9020179404,Suspect-476
9020179405,Suspect-477
9020179406,Suspect-478
9020179407,Suspect-479
9020179408,Suspect-480
9020179409,Suspect-481
9020179410,Suspect-482
9020179411,Suspect-483
9020179412,Suspect-484
9020179413,Suspect-485
9020179414,Suspect-486
9020179415,Suspect-487
9020179416,Suspect-488
9020179417,Suspect-489
9020179418,Suspect-490
9020179419,Suspect-491
9020179420,Suspect-492
9020179421,Suspect-493
9020179422,Suspect-494
9020179423,Suspect-495
9020179424,Suspect-496
9020179425,Suspect-497
9020179426,Suspect-498
9020179427,Suspect-499
9020179428,Suspect-500
9020179429,Suspect-501
9020179430,Suspect-502
9020179431,Suspect-503
9020179432,Suspect-504
9020179433,Suspect-505
9020179434,Suspect-506
9020179435,Suspect-507
9020179436,Suspect-508
9020179437,Suspect-509
9020179438,Suspect-510
9020179439,Suspect-511
9020179440,Suspect-512
9020179441,Suspect-513
9020179442,Suspect-514
9020179443,Suspect-515
9020179444,Suspect-516
9020179445,Suspect-517
9020179446,Suspect-518
9020179447,Suspect-519
9020179448,Suspect-520
9020179449,Suspect-521
9020179450,Suspect-522
9020179451,Suspect-523
9020179452,Suspect-524
9020179453,Suspect-525
9020179454,Suspect-526
9020179455,Suspect-527
9020179456,Suspect-528
9020179457,Suspect-529
9020179458,Suspect-530
9020179459,Suspect-531
9020179460,Suspect-532
9020179461,Suspect-533
9020179462,Suspect-534
9020179463,Suspect-535
9020179464,Suspect-536
9020179465,Suspect-537
9020179466,Suspect-538
9020179467,Suspect-539
9020179468,Suspect-540
9020179469,Suspect-541
9020179470,Suspect-542
9020179471,Suspect-543
9020179472,Suspect-544
9020179473,Suspect-545
9020179474,Suspect-546
9020179475,Suspect-547
9020179476,Suspect-548
9020179477,Suspect-549
9020179478,Suspect-550
9020179479,Suspect-551
9020179480,Suspect-552
9020179481,Suspect-553
9020179482,Suspect-554
9020179483,Suspect-555
9020179484,Suspect-556
9020179485,Suspect-557
9020179486,Suspect-558
9020179487,Suspect-559
9020179488,Suspect-560
9020179489,Suspect-561
9020179490,Suspect-562
9020179491,Suspect-563
9020179492,Suspect-564
9020179493,Suspect-565
9020179494,Suspect-566
9020179495,Suspect-567
9020179496,Suspect-568
9020179497,Suspect-569
9020179498,Suspect-570
9020179499,Suspect-571
9020179500,Suspect-572
9020179501,Suspect-573
9020179502,Suspect-574
9020179503,Suspect-575
9020179504,Suspect-576
9020179505,Suspect-577
9020179506,Suspect-578
9020179507,Suspect-579
9020179508,Suspect-580
9020179509,Suspect-581
9020179510,Suspect-582
9020179511,Suspect-583
9020179512,Suspect-584
9020179513,Suspect-585
9020179514,Suspect-586
9020179515,Suspect-587
9020179516,Suspect-588
9020179517,Suspect-589
9020179518,Suspect-590
9020179519,Suspect-591
9020179520,Suspect-592
9020179521,Suspect-593
9020179522,Suspect-594
9020179523,Suspect-595
9020179524,Suspect-596
9020179525,Suspect-597
9020179526,Suspect-598
9020179527,Suspect-599
9020179528,Suspect-600
9020179529,Suspect-601
9020179530,Suspect-602
9020179531,Suspect-603
9020179532,Suspect-604
9020179533,Suspect-605
9020179534,Suspect-606
9020179535,Suspect-607
9020179536,Suspect-608
9020179537,Suspect-609
9020179538,Suspect-610
9020179539,Suspect-611
9020179540,Suspect-612
9020179541,Suspect-613
9020179542,Suspect-614
9020179543,Suspect-615
9020179544,Suspect-616
9020179545,Suspect-617
9020179546,Suspect-618
9020179547,Suspect-619
9020179548,Suspect-620
9020179549,Suspect-621
9020179550,Suspect-622
9020179551,Suspect-623
9020179552,Suspect-624
9020179553,Suspect-625
9020179554,Suspect-626
9020179555,Suspect-627
9020179556,Suspect-628
9020179557,Suspect-629
9020179558,Suspect-630
9020179559,Suspect-631
9020179560,Suspect-632
9020179561,Suspect-633
9020179562,Suspect-634
9020179563,Suspect-635
9020179564,Suspect-636
9020179565,Suspect-637
9020179566,Suspect-638
9020179567,Suspect-639
9020179568,Suspect-640
9020179569,Suspect-641
9020179570,Suspect-642
9020179571,Suspect-643
9020179572,Suspect-644
9020179573,Suspect-645
9020179574,Suspect-646
9020179575,Suspect-647
9020179576,Suspect-648
9020179577,Suspect-649
9020179578,Suspect-650
9020179579,Suspect-651
9020179580,Suspect-652
9020179581,Suspect-653
9020179582,Suspect-654
9020179583,Suspect-655
9020179584,Suspect-656
9020179585,Suspect-657
9020179586,Suspect-658
9020179587,Suspect-659
9020179588,Suspect-660
9020179589,Suspect-661
9020179590,Suspect-662
9020179591,Suspect-663
9020179592,Suspect-664
9020179593,Suspect-665
9020179594,Suspect-666
9020179595,Suspect-667
9020179596,Suspect-668
9020179597,Suspect-669
9020179598,Suspect-670
9020179599,Suspect-671
9020179600,Suspect-672
9020179601,Suspect-673
9020179602,Suspect-674
9020179603,Suspect-675
9020179604,Suspect-676
9020179605,Suspect-677
9020179606,Suspect-678
9020179607,Suspect-679
9020179608,Suspect-680
9020179609,Suspect-681
9020179610,Suspect-682
9020179611,Suspect-683
9020179612,Suspect-684
9020179613,Suspect-685
9020179614,Suspect-686
9020179615,Suspect-687
9020179616,Suspect-688
9020179617,Suspect-689
9020179618,Suspect-690
9020179619,Suspect-691
9020179620,Suspect-692
9020179621,Suspect-693
9020179622,Suspect-694
9020179623,Suspect-695
9020179624,Suspect-696
9020179625,Suspect-697
9020179626,Suspect-698
9020179627,Suspect-699
9020179628,Suspect-700
9020179629,Suspect-701
9020179630,Suspect-702
9020179631,Suspect-703
9020179632,Suspect-704
9020179633,Suspect-705
9020179634,Suspect-706
9020179635,Suspect-707
9020179636,Suspect-708
9020179637,Suspect-709
9020179638,Suspect-710
9020179639,Suspect-711
9020179640,Suspect-712
9020179641,Suspect-713
9020179642,Suspect-714
9020179643,Suspect-715
9020179644,Suspect-716
9020179645,Suspect-717
9020179646,Suspect-718
9020179647,Suspect-719
9020179648,Suspect-720
9020179649,Suspect-721
9020179650,Suspect-722
9020179651,Suspect-723
9020179652,Suspect-724
9020179653,Suspect-725
9020179654,Suspect-726
9020179655,Suspect-727
9020179656,Suspect-728
9020179657,Suspect-729
9020179658,Suspect-730
9020179659,Suspect-731
9020179660,Suspect-732
9020179661,Suspect-733
9020179662,Suspect-734
9020179663,Suspect-735
9020179664,Suspect-736
9020179665,Suspect-737
9020179666,Suspect-738
9020179667,Suspect-739
9020179668,Suspect-740
9020179669,Suspect-741
9020179670,Suspect-742
9020179671,Suspect-743
9020179672,Suspect-744
9020179673,Suspect-745
9020179674,Suspect-746
9020179675,Suspect-747
9020179676,Suspect-748
9020179677,Suspect-749
9020179678,Suspect-750
9020179679,Suspect-751
9020179680,Suspect-752
9020179681,Suspect-753
9020179682,Suspect-754
9020179683,Suspect-755
9020179684,Suspect-756
9020179685,Suspect-757
9020179686,Suspect-758
9020179687,Suspect-759
9020179688,Suspect-760
9020179689,Suspect-761
9020179690,Suspect-762
9020179691,Suspect-763
9020179692,Suspect-764
9020179693,Suspect-765
9020179694,Suspect-766
9020179695,Suspect-767
9020179696,Suspect-768
9020179697,Suspect-769
9020179698,Suspect-770
9020179699,Suspect-771
9020179700,Suspect-772
9020179701,Suspect-773
9020179702,Suspect-774
9020179703,Suspect-775
9020179704,Suspect-776
9020179705,Suspect-777
9020179706,Suspect-778
9020179707,Suspect-779
9020179708,Suspect-780
9020179709,Suspect-781
9020179710,Suspect-782
9020179711,Suspect-783
9020179712,Suspect-784
9020179713,Suspect-785
9020179714,Suspect-786
9020179715,Suspect-787
9020179716,Suspect-788
9020179717,Suspect-789
9020179718,Suspect-790
9020179719,Suspect-791
9020179720,Suspect-792
9020179721,Suspect-793
9020179722,Suspect-794
9020179723,Suspect-795
9020179724,Suspect-796
9020179725,Suspect-797
9020179726,Suspect-798
9020179727,Suspect-799
9020179728,Suspect-800
9020179729,Suspect-801
9020179730,Suspect-802
9020179731,Suspect-803
9020179732,Suspect-804
9020179733,Suspect-805
9020179734,Suspect-806
9020179735,Suspect-807
9020179736,Suspect-808
9020179737,Suspect-809
9020179738,Suspect-810
9020179739,Suspect-811
9020179740,Suspect-812
9020179741,Suspect-813
9020179742,Suspect-814
9020179743,Suspect-815
9020179744,Suspect-816
9020179745,Suspect-817
9020179746,Suspect-818
9020179747,Suspect-819
9020179748,Suspect-820
9020179749,Suspect-821
9020179750,Suspect-822
9020179751,Suspect-823
9020179752,Suspect-824
9020179753,Suspect-825
9020179754,Suspect-826
9020179755,Suspect-827
9020179756,Suspect-828
9020179757,Suspect-829
9020179758,Suspect-830
9020179759,Suspect-831
9020179760,Suspect-832
9020179761,Suspect-833
9020179762,Suspect-834
9020179763,Suspect-835
9020179764,Suspect-836
9020179765,Suspect-837
9020179766,Suspect-838
9020179767,Suspect-839
9020179768,Suspect-840
9020179769,Suspect-841
9020179770,Suspect-842
9020179771,Suspect-843
9020179772,Suspect-844
9020179773,Suspect-845
9020179774,Suspect-846
9020179775,Suspect-847
9020179776,Suspect-848
9020179777,Suspect-849
9020179778,Suspect-850
9020179779,Suspect-851
9020179780,Suspect-852
9020179781,Suspect-853
9020179782,Suspect-854
9020179783,Suspect-855
9020179784,Suspect-856
9020179785,Suspect-857
9020179786,Suspect-858
9020179787,Suspect-859
9020179788,Suspect-860
9020179789,Suspect-861
9020179790,Suspect-862
9020179791,Suspect-863
9020179792,Suspect-864
9020179793,Suspect-865
9020179794,Suspect-866
9020179795,Suspect-867
9020179796,Suspect-868
9020179797,Suspect-869
9020179798,Suspect-870
9020179799,Suspect-871
9020179800,Suspect-872
9020179801,Suspect-873
9020179802,Suspect-874
9020179803,Suspect-875
9020179804,Suspect-876
9020179805,Suspect-877
9020179806,Suspect-878
9020179807,Suspect-879
9020179808,Suspect-880
9020179809,Suspect-881
9020179810,Suspect-882
9020179811,Suspect-883
9020179812,Suspect-884
9020179813,Suspect-885
9020179814,Suspect-886
9020179815,Suspect-887
9020179816,Suspect-888
9020179817,Suspect-889
9020179818,Suspect-890
9020179819,Suspect-891
9020179820,Suspect-892
9020179821,Suspect-893
9020179822,Suspect-894
9020179823,Suspect-895
9020179824,Suspect-896
9020179825,Suspect-897
9020179826,Suspect-898
9020179827,Suspect-899
9020179828,Suspect-900
9020179829,Suspect-901
9020179830,Suspect-902
9020179831,Suspect-903
9020179832,Suspect-904
9020179833,Suspect-905
9020179834,Suspect-906
9020179835,Suspect-907
9020179836,Suspect-908
9020179837,Suspect-909
9020179838,Suspect-910
9020179839,Suspect-911
9020179840,Suspect-912
9020179841,Suspect-913
9020179842,Suspect-914
9020179843,Suspect-915
9020179844,Suspect-916
9020179845,Suspect-917
9020179846,Suspect-918
9020179847,Suspect-919
9020179848,Suspect-920
9020179849,Suspect-921
9020179850,Suspect-922
9020179851,Suspect-923
9020179852,Suspect-924
9020179853,Suspect-925
9020179854,Suspect-926
9020179855,Suspect-927
9020179856,Suspect-928
9020179857,Suspect-929
9020179858,Suspect-930
9020179859,Suspect-931
9020179860,Suspect-932
9020179861,Suspect-933
9020179862,Suspect-934
9020179863,Suspect-935
9020179864,Suspect-936
9020179865,Suspect-937
9020179866,Suspect-938
9020179867,Suspect-939
9020179868,Suspect-940
9020179869,Suspect-941
9020179870,Suspect-942
9020179871,Suspect-943
9020179872,Suspect-944
9020179873,Suspect-945
9020179874,Suspect-946
9020179875,Suspect-947
9020179876,Suspect-948
9020179877,Suspect-949
9020179878,Suspect-950
9020179879,Suspect-951
9020179880,Suspect-952
9020179881,Suspect-953
9020179882,Suspect-954
9020179883,Suspect-955
9020179884,Suspect-956
9020179885,Suspect-957
9020179886,Suspect-958
9020179887,Suspect-959
9020179888,Suspect-960
9020179889,Suspect-961
9020179890,Suspect-962
9020179891,Suspect-963
9020179892,Suspect-964
9020179893,Suspect-965
9020179894,Suspect-966
9020179895,Suspect-967
9020179896,Suspect-968
9020179897,Suspect-969
9020179898,Suspect-970
9020179899,Suspect-971
9020179900,Suspect-972
9020179901,Suspect-973
9020179902,Suspect-974
9020179903,Suspect-975
9020179904,Suspect-976
9020179905,Suspect-977
9020179906,Suspect-978
9020179907,Suspect-979
9020179908,Suspect-980
9020179909,Suspect-981
9020179910,Suspect-982
9020179911,Suspect-983
9020179912,Suspect-984
9020179913,Suspect-985
9020179914,Suspect-986
9020179915,Suspect-987
9020179916,Suspect-988
9020179917,Suspect-989
9020179918,Suspect-990
9020179919,Suspect-991
9020179920,Suspect-992
9020179921,Suspect-993
9020179922,Suspect-994
9020179923,Suspect-995
9020179924,Suspect-996
9020179925,Suspect-997
9020179926,Suspect-998
9020179927,Suspect-999
9020179928,Suspect-1000
9020179929,Suspect-1001
9020179930,Suspect-1002
9020179931,Suspect-1003
9020179932,Suspect-1004
9020179933,Suspect-1005
9020179934,Suspect-1006
9020179935,Suspect-1007
9020179936,Suspect-1008
9020179937,Suspect-1009
9020179938,Suspect-1010
9020179939,Suspect-1011
9020179940,Suspect-1012
9020179941,Suspect-1013
9020179942,Suspect-1014
9020179943,Suspect-1015
9020179944,Suspect-1016
9020179945,Suspect-1017
9020179946,Suspect-1018
9020179947,Suspect-1019
9020179948,Suspect-1020
9020179949,Suspect-1021
9020179950,Suspect-1022
9020179951,Suspect-1023
9020179952,Suspect-1024
9020179953,Suspect-1025
9020179954,Suspect-1026
9020179955,Suspect-1027
9020179956,Suspect-1028
9020179957,Suspect-1029
9020179958,Suspect-1030
9020179959,Suspect-1031
9020179960,Suspect-1032
9020179961,Suspect-1033
9020179962,Suspect-1034
9020179963,Suspect-1035
9020179964,Suspect-1036
9020179965,Suspect-1037
9020179966,Suspect-1038
9020179967,Suspect-1039
9020179968,Suspect-1040
9020179969,Suspect-1041
9020179970,Suspect-1042
9020179971,Suspect-1043
9020179972,Suspect-1044
9020179973,Suspect-1045
9020179974,Suspect-1046
9020179975,Suspect-1047
9020179976,Suspect-1048
9020179977,Suspect-1049
9020179978,Suspect-1050
9020179979,Suspect-1051
9020179980,Suspect-1052
9020179981,Suspect-1053
9020179982,Suspect-1054
9020179983,Suspect-1055
9020179984,Suspect-1056
9020179985,Suspect-1057
9020179986,Suspect-1058
9020179987,Suspect-1059
9020179988,Suspect-1060
9020179989,Suspect-1061
9020179990,Suspect-1062
9020179991,Suspect-1063
9020179992,Suspect-1064
9020179993,Suspect-1065
9020179994,Suspect-1066
9020179995,Suspect-1067
9020179996,Suspect-1068
9020179997,Suspect-1069
9020179998,Suspect-1070
9020179999,Suspect-1071
9020180000,Suspect-1072
9020180001,Suspect-1073
9020180002,Suspect-1074
9020180003,Suspect-1075
9020180004,Suspect-1076
9020180005,Suspect-1077
9020180006,Suspect-1078
9020180007,Suspect-1079
9020180008,Suspect-1080
9020180009,Suspect-1081
9020180010,Suspect-1082
9020180011,Suspect-1083
9020180012,Suspect-1084
9020180013,Suspect-1085
9020180014,Suspect-1086
9020180015,Suspect-1087
9020180016,Suspect-1088
9020180017,Suspect-1089
9020180018,Suspect-1090
9020180019,Suspect-1091
9020180020,Suspect-1092
9020180021,Suspect-1093
9020180022,Suspect-1094
9020180023,Suspect-1095
9020180024,Suspect-1096
9020180025,Suspect-1097
9020180026,Suspect-1098
9020180027,Suspect-1099
9020180028,Suspect-1100
9020180029,Suspect-1101
9020180030,Suspect-1102
9020180031,Suspect-1103
9020180032,Suspect-1104
9020180033,Suspect-1105
9020180034,Suspect-1106
9020180035,Suspect-1107
9020180036,Suspect-1108
9020180037,Suspect-1109
9020180038,Suspect-1110
9020180039,Suspect-1111
9020180040,Suspect-1112
9020180041,Suspect-1113
9020180042,Suspect-1114
9020180043,Suspect-1115
9020180044,Suspect-1116
9020180045,Suspect-1117
9020180046,Suspect-1118
9020180047,Suspect-1119
9020180048,Suspect-1120
9020180049,Suspect-1121
9020180050,Suspect-1122
9020180051,Suspect-1123
9020180052,Suspect-1124
9020180053,Suspect-1125
9020180054,Suspect-1126
9020180055,Suspect-1127
9020180056,Suspect-1128
9020180057,Suspect-1129
9020180058,Suspect-1130
9020180059,Suspect-1131
9020180060,Suspect-1132
9020180061,Suspect-1133
9020180062,Suspect-1134
9020180063,Suspect-1135
9020180064,Suspect-1136
9020180065,Suspect-1137
9020180066,Suspect-1138
9020180067,Suspect-1139
9020180068,Suspect-1140
9020180069,Suspect-1141
9020180070,Suspect-1142
9020180071,Suspect-1143
9020180072,Suspect-1144
9020180073,Suspect-1145
9020180074,Suspect-1146
9020180075,Suspect-1147
9020180076,Suspect-1148
9020180077,Suspect-1149
9020180078,Suspect-1150
9020180079,Suspect-1151
9020180080,Suspect-1152
9020180081,Suspect-1153
9020180082,Suspect-1154
9020180083,Suspect-1155
9020180084,Suspect-1156
9020180085,Suspect-1157
9020180086,Suspect-1158
9020180087,Suspect-1159
9020180088,Suspect-1160
9020180089,Suspect-1161
9020180090,Suspect-1162
9020180091,Suspect-1163
9020180092,Suspect-1164
9020180093,Suspect-1165
9020180094,Suspect-1166
9020180095,Suspect-1167
9020180096,Suspect-1168
9020180097,Suspect-1169
9020180098,Suspect-1170
9020180099,Suspect-1171
9020180100,Suspect-1172
9020180101,Suspect-1173
9020180102,Suspect-1174
9020180103,Suspect-1175
9020180104,Suspect-1176
9020180105,Suspect-1177
9020180106,Suspect-1178
9020180107,Suspect-1179
9020180108,Suspect-1180
9020180109,Suspect-1181
9020180110,Suspect-1182
9020180111,Suspect-1183
9020180112,Suspect-1184
9020180113,Suspect-1185
9020180114,Suspect-1186
9020180115,Suspect-1187
9020180116,Suspect-1188
9020180117,Suspect-1189
9020180118,Suspect-1190
9020180119,Suspect-1191
9020180120,Suspect-1192
9020180121,Suspect-1193
9020180122,Suspect-1194
9020180123,Suspect-1195
9020180124,Suspect-1196
9020180125,Suspect-1197
9020180126,Suspect-1198
9020180127,Suspect-1199
9020180128,Suspect-1200
9020180129,Suspect-1201
9020180130,Suspect-1202
9020180131,Suspect-1203
9020180132,Suspect-1204
9020180133,Suspect-1205
9020180134,Suspect-1206
9020180135,Suspect-1207
9020180136,Suspect-1208
9020180137,Suspect-1209
9020180138,Suspect-1210
9020180139,Suspect-1211
9020180140,Suspect-1212
9020180141,Suspect-1213
9020180142,Suspect-1214
9020180143,Suspect-1215
9020180144,Suspect-1216
9020180145,Suspect-1217
9020180146,Suspect-1218
9020180147,Suspect-1219
9020180148,Suspect-1220
9020180149,Suspect-1221
9020180150,Suspect-1222
9020180151,Suspect-1223
9020180152,Suspect-1224
9020180153,Suspect-1225
9020180154,Suspect-1226
9020180155,Suspect-1227
9020180156,Suspect-1228
9020180157,Suspect-1229
9020180158,Suspect-1230
9020180159,Suspect-1231
9020180160,Suspect-1232
9020180161,Suspect-1233
9020180162,Suspect-1234
9020180163,Suspect-1235
9020180164,Suspect-1236
9020180165,Suspect-1237
9020180166,Suspect-1238
9020180167,Suspect-1239
9020180168,Suspect-1240
9020180169,Suspect-1241
9020180170,Suspect-1242
9020180171,Suspect-1243
9020180172,Suspect-1244
9020180173,Suspect-1245
9020180174,Suspect-1246
9020180175,Suspect-1247
9020180176,Suspect-1248
9020180177,Suspect-1249
9020180178,Suspect-1250
9020180179,Suspect-1251
9020180180,Suspect-1252
9020180181,Suspect-1253
9020180182,Suspect-1254
9020180183,Suspect-1255
9020180184,Suspect-1256
9020180185,Suspect-1257
9020180186,Suspect-1258
9020180187,Suspect-1259
9020180188,Suspect-1260
9020180189,Suspect-1261
9020180190,Suspect-1262
9020180191,Suspect-1263
9020180192,Suspect-1264
9020180193,Suspect-1265
9020180194,Suspect-1266
9020180195,Suspect-1267
9020180196,Suspect-1268
9020180197,Suspect-1269
9020180198,Suspect-1270
9020180199,Suspect-1271
9020180200,Suspect-1272
9020180201,Suspect-1273
9020180202,Suspect-1274
9020180203,Suspect-1275
9020180204,Suspect-1276
9020180205,Suspect-1277
9020180206,Suspect-1278
9020180207,Suspect-1279
9020180208,Suspect-1280
9020180209,Suspect-1281
9020180210,Suspect-1282
9020180211,Suspect-1283
9020180212,Suspect-1284
9020180213,Suspect-1285
9020180214,Suspect-1286
9020180215,Suspect-1287
9020180216,Suspect-1288
9020180217,Suspect-1289
9020180218,Suspect-1290
9020180219,Suspect-1291
9020180220,Suspect-1292
9020180221,Suspect-1293
9020180222,Suspect-1294
9020180223,Suspect-1295
9020180224,Suspect-1296
9020180225,Suspect-1297
9020180226,Suspect-1298
9020180227,Suspect-1299
9020180228,Suspect-1300
9020180229,Suspect-1301
9020180230,Suspect-1302
9020180231,Suspect-1303
9020180232,Suspect-1304
9020180233,Suspect-1305
9020180234,Suspect-1306
9020180235,Suspect-1307
9020180236,Suspect-1308
9020180237,Suspect-1309
9020180238,Suspect-1310
9020180239,Suspect-1311
9020180240,Suspect-1312
9020180241,Suspect-1313
9020180242,Suspect-1314
9020180243,Suspect-1315
9020180244,Suspect-1316
9020180245,Suspect-1317
9020180246,Suspect-1318
9020180247,Suspect-1319
9020180248,Suspect-1320
9020180249,Suspect-1321
9020180250,Suspect-1322
9020180251,Suspect-1323
9020180252,Suspect-1324
9020180253,Suspect-1325
9020180254,Suspect-1326
9020180255,Suspect-1327
9020180256,Suspect-1328
9020180257,Suspect-1329
9020180258,Suspect-1330
9020180259,Suspect-1331
9020180260,Suspect-1332
9020180261,Suspect-1333
9020180262,Suspect-1334
9020180263,Suspect-1335
9020180264,Suspect-1336
9020180265,Suspect-1337
9020180266,Suspect-1338
9020180267,Suspect-1339
9020180268,Suspect-1340
9020180269,Suspect-1341
9020180270,Suspect-1342
9020180271,Suspect-1343
9020180272,Suspect-1344
9020180273,Suspect-1345
9020180274,Suspect-1346
9020180275,Suspect-1347
9020180276,Suspect-1348
9020180277,Suspect-1349
9020180278,Suspect-1350
9020180279,Suspect-1351
9020180280,Suspect-1352
9020180281,Suspect-1353
9020180282,Suspect-1354
9020180283,Suspect-1355
9020180284,Suspect-1356
9020180285,Suspect-1357
9020180286,Suspect-1358
9020180287,Suspect-1359
9020180288,Suspect-1360
9020180289,Suspect-1361
9020180290,Suspect-1362
9020180291,Suspect-1363
9020180292,Suspect-1364
9020180293,Suspect-1365
9020180294,Suspect-1366
9020180295,Suspect-1367
9020180296,Suspect-1368
9020180297,Suspect-1369
9020180298,Suspect-1370
9020180299,Suspect-1371
9020180300,Suspect-1372
9020180301,Suspect-1373
9020180302,Suspect-1374
9020180303,Suspect-1375
9020180304,Suspect-1376
9020180305,Suspect-1377
9020180306,Suspect-1378
9020180307,Suspect-1379
9020180308,Suspect-1380
9020180309,Suspect-1381
9020180310,Suspect-1382
9020180311,Suspect-1383
9020180312,Suspect-1384
9020180313,Suspect-1385
9020180314,Suspect-1386
9020180315,Suspect-1387
9020180316,Suspect-1388
9020180317,Suspect-1389
9020180318,Suspect-1390
9020180319,Suspect-1391
9020180320,Suspect-1392
9020180321,Suspect-1393
9020180322,Suspect-1394
9020180323,Suspect-1395
9020180324,Suspect-1396
9020180325,Suspect-1397
9020180326,Suspect-1398
9020180327,Suspect-1399
9020180328,Suspect-1400
9020180329,Suspect-1401
9020180330,Suspect-1402
9020180331,Suspect-1403
9020180332,Suspect-1404
9020180333,Suspect-1405
9020180334,Suspect-1406
9020180335,Suspect-1407
9020180336,Suspect-1408
9020180337,Suspect-1409
9020180338,Suspect-1410
9020180339,Suspect-1411
9020180340,Suspect-1412
9020180341,Suspect-1413
9020180342,Suspect-1414
9020180343,Suspect-1415
9020180344,Suspect-1416
9020180345,Suspect-1417
9020180346,Suspect-1418
9020180347,Suspect-1419
9020180348,Suspect-1420
9020180349,Suspect-1421
9020180350,Suspect-1422
9020180351,Suspect-1423
9020180352,Suspect-1424
9020180353,Suspect-1425
9020180354,Suspect-1426
9020180355,Suspect-1427
9020180356,Suspect-1428
9020180357,Suspect-1429
9020180358,Suspect-1430
9020180359,Suspect-1431
9020180360,Suspect-1432
9020180361,Suspect-1433
9020180362,Suspect-1434
9020180363,Suspect-1435
9020180364,Suspect-1436
9020180365,Suspect-1437
9020180366,Suspect-1438
9020180367,Suspect-1439
9020180368,Suspect-1440
9020180369,Suspect-1441
9020180370,Suspect-1442
9020180371,Suspect-1443
9020180372,Suspect-1444
9020180373,Suspect-1445
9020180374,Suspect-1446
9020180375,Suspect-1447
9020180376,Suspect-1448
9020180377,Suspect-1449
9020180378,Suspect-1450
9020180379,Suspect-1451
9020180380,Suspect-1452
9020180381,Suspect-1453
9020180382,Suspect-1454
9020180383,Suspect-1455
9020180384,Suspect-1456
9020180385,Suspect-1457
9020180386,Suspect-1458
9020180387,Suspect-1459
9020180388,Suspect-1460
9020180389,Suspect-1461
9020180390,Suspect-1462
9020180391,Suspect-1463
9020180392,Suspect-1464
9020180393,Suspect-1465
9020180394,Suspect-1466
9020180395,Suspect-1467
9020180396,Suspect-1468
9020180397,Suspect-1469
9020180398,Suspect-1470
9020180399,Suspect-1471
9020180400,Suspect-1472
9020180401,Suspect-1473
9020180402,Suspect-1474
9020180403,Suspect-1475
9020180404,Suspect-1476
9020180405,Suspect-1477
9020180406,Suspect-1478
9020180407,Suspect-1479
9020180408,Suspect-1480
9020180409,Suspect-1481
9020180410,Suspect-1482
9020180411,Suspect-1483
9020180412,Suspect-1484
9020180413,Suspect-1485
9020180414,Suspect-1486
9020180415,Suspect-1487
9020180416,Suspect-1488
9020180417,Suspect-1489
9020180418,Suspect-1490
9020180419,Suspect-1491
9020180420,Suspect-1492
9020180421,Suspect-1493
9020180422,Suspect-1494
9020180423,Suspect-1495
9020180424,Suspect-1496
9020180425,Suspect-1497
9020180426,Suspect-1498
9020180427,Suspect-1499
9020180428,Suspect-1500
9020180429,Suspect-1501
9020180430,Suspect-1502
9020180431,Suspect-1503
9020180432,Suspect-1504
9020180433,Suspect-1505
9020180434,Suspect-1506
9020180435,Suspect-1507
9020180436,Suspect-1508
9020180437,Suspect-1509
9020180438,Suspect-1510
9020180439,Suspect-1511
9020180440,Suspect-1512
9020180441,Suspect-1513
9020180442,Suspect-1514
9020180443,Suspect-1515
9020180444,Suspect-1516
9020180445,Suspect-1517
9020180446,Suspect-1518
9020180447,Suspect-1519
9020180448,Suspect-1520
9020180449,Suspect-1521
9020180450,Suspect-1522
9020180451,Suspect-1523
9020180452,Suspect-1524
9020180453,Suspect-1525
9020180454,Suspect-1526
9020180455,Suspect-1527
9020180456,Suspect-1528
9020180457,Suspect-1529
9020180458,Suspect-1530
9020180459,Suspect-1531
9020180460,Suspect-1532
9020180461,Suspect-1533
9020180462,Suspect-1534
9020180463,Suspect-1535
9020180464,Suspect-1536
9020180465,Suspect-1537
9020180466,Suspect-1538
9020180467,Suspect-1539
9020180468,Suspect-1540
9020180469,Suspect-1541
9020180470,Suspect-1542
9020180471,Suspect-1543
9020180472,Suspect-1544
9020180473,Suspect-1545
9020180474,Suspect-1546
9020180475,Suspect-1547
9020180476,Suspect-1548
9020180477,Suspect-1549
9020180478,Suspect-1550
9020180479,Suspect-1551
9020180480,Suspect-1552
9020180481,Suspect-1553
9020180482,Suspect-1554
9020180483,Suspect-1555
9020180484,Suspect-1556
9020180485,Suspect-1557
9020180486,Suspect-1558
9020180487,Suspect-1559
9020180488,Suspect-1560
9020180489,Suspect-1561
9020180490,Suspect-1562
9020180491,Suspect-1563
9020180492,Suspect-1564
9020180493,Suspect-1565
9020180494,Suspect-1566
9020180495,Suspect-1567
9020180496,Suspect-1568
9020180497,Suspect-1569
9020180498,Suspect-1570
9020180499,Suspect-1571
9020180500,Suspect-1572
9020180501,Suspect-1573
9020180502,Suspect-1574
9020180503,Suspect-1575
9020180504,Suspect-1576
9020180505,Suspect-1577
9020180506,Suspect-1578
9020180507,Suspect-1579
9020180508,Suspect-1580
9020180509,Suspect-1581
9020180510,Suspect-1582
9020180511,Suspect-1583
9020180512,Suspect-1584
9020180513,Suspect-1585
9020180514,Suspect-1586
9020180515,Suspect-1587
9020180516,Suspect-1588
9020180517,Suspect-1589
9020180518,Suspect-1590
9020180519,Suspect-1591
9020180520,Suspect-1592
9020180521,Suspect-1593
9020180522,Suspect-1594
9020180523,Suspect-1595
9020180524,Suspect-1596
9020180525,Suspect-1597
9020180526,Suspect-1598
9020180527,Suspect-1599
9020180528,Suspect-1600
9020180529,Suspect-1601
9020180530,Suspect-1602
9020180531,Suspect-1603
9020180532,Suspect-1604
9020180533,Suspect-1605
9020180534,Suspect-1606
9020180535,Suspect-1607
9020180536,Suspect-1608
9020180537,Suspect-1609
9020180538,Suspect-1610
9020180539,Suspect-1611
9020180540,Suspect-1612
9020180541,Suspect-1613
9020180542,Suspect-1614
9020180543,Suspect-1615
9020180544,Suspect-1616
9020180545,Suspect-1617
9020180546,Suspect-1618
9020180547,Suspect-1619
9020180548,Suspect-1620
9020180549,Suspect-1621
9020180550,Suspect-1622
9020180551,Suspect-1623
9020180552,Suspect-1624
9020180553,Suspect-1625
9020180554,Suspect-1626
9020180555,Suspect-1627
9020180556,Suspect-1628
9020180557,Suspect-1629
9020180558,Suspect-1630
9020180559,Suspect-1631
9020180560,Suspect-1632
9020180561,Suspect-1633
9020180562,Suspect-1634
9020180563,Suspect-1635
9020180564,Suspect-1636
9020180565,Suspect-1637
9020180566,Suspect-1638
9020180567,Suspect-1639
9020180568,Suspect-1640
9020180569,Suspect-1641
9020180570,Suspect-1642
9020180571,Suspect-1643
9020180572,Suspect-1644
9020180573,Suspect-1645
9020180574,Suspect-1646
9020180575,Suspect-1647
9020180576,Suspect-1648
9020180577,Suspect-1649
9020180578,Suspect-1650
9020180579,Suspect-1651
9020180580,Suspect-1652
9020180581,Suspect-1653
9020180582,Suspect-1654
9020180583,Suspect-1655
9020180584,Suspect-1656
9020180585,Suspect-1657
9020180586,Suspect-1658
9020180587,Suspect-1659
9020180588,Suspect-1660
9020180589,Suspect-1661
9020180590,Suspect-1662
9020180591,Suspect-1663
9020180592,Suspect-1664
9020180593,Suspect-1665
9020180594,Suspect-1666
9020180595,Suspect-1667
9020180596,Suspect-1668
9020180597,Suspect-1669
9020180598,Suspect-1670
9020180599,Suspect-1671
9020180600,Suspect-1672
9020180601,Suspect-1673
9020180602,Suspect-1674
9020180603,Suspect-1675
9020180604,Suspect-1676
9020180605,Suspect-1677
9020180606,Suspect-1678
9020180607,Suspect-1679
9020180608,Suspect-1680
9020180609,Suspect-1681
9020180610,Suspect-1682
9020180611,Suspect-1683
9020180612,Suspect-1684
9020180613,Suspect-1685
9020180614,Suspect-1686
9020180615,Suspect-1687
9020180616,Suspect-1688
9020180617,Suspect-1689
9020180618,Suspect-1690
9020180619,Suspect-1691
9020180620,Suspect-1692
9020180621,Suspect-1693
9020180622,Suspect-1694
9020180623,Suspect-1695
9020180624,Suspect-1696
9020180625,Suspect-1697
9020180626,Suspect-1698
9020180627,Suspect-1699
9020180628,Suspect-1700
9020180629,Suspect-1701
9020180630,Suspect-1702
9020180631,Suspect-1703
9020180632,Suspect-1704
9020180633,Suspect-1705
9020180634,Suspect-1706
9020180635,Suspect-1707
9020180636,Suspect-1708
9020180637,Suspect-1709
9020180638,Suspect-1710
9020180639,Suspect-1711
9020180640,Suspect-1712
9020180641,Suspect-1713
9020180642,Suspect-1714
9020180643,Suspect-1715
9020180644,Suspect-1716
9020180645,Suspect-1717
9020180646,Suspect-1718
9020180647,Suspect-1719
9020180648,Suspect-1720
9020180649,Suspect-1721
9020180650,Suspect-1722
9020180651,Suspect-1723
9020180652,Suspect-1724
9020180653,Suspect-1725
9020180654,Suspect-1726
9020180655,Suspect-1727
9020180656,Suspect-1728
9020180657,Suspect-1729
9020180658,Suspect-1730
9020180659,Suspect-1731
9020180660,Suspect-1732
9020180661,Suspect-1733
9020180662,Suspect-1734
9020180663,Suspect-1735
9020180664,Suspect-1736
9020180665,Suspect-1737
9020180666,Suspect-1738
9020180667,Suspect-1739
9020180668,Suspect-1740
9020180669,Suspect-1741
9020180670,Suspect-1742
9020180671,Suspect-1743
9020180672,Suspect-1744
9020180673,Suspect-1745
9020180674,Suspect-1746
9020180675,Suspect-1747
9020180676,Suspect-1748
9020180677,Suspect-1749
9020180678,Suspect-1750
9020180679,Suspect-1751
9020180680,Suspect-1752
9020180681,Suspect-1753
9020180682,Suspect-1754
9020180683,Suspect-1755
9020180684,Suspect-1756
9020180685,Suspect-1757
9020180686,Suspect-1758
9020180687,Suspect-1759
9020180688,Suspect-1760
9020180689,Suspect-1761
9020180690,Suspect-1762
9020180691,Suspect-1763
9020180692,Suspect-1764
9020180693,Suspect-1765
9020180694,Suspect-1766
9020180695,Suspect-1767
9020180696,Suspect-1768
9020180697,Suspect-1769
9020180698,Suspect-1770
9020180699,Suspect-1771
9020180700,Suspect-1772
9020180701,Suspect-1773
9020180702,Suspect-1774
9020180703,Suspect-1775
9020180704,Suspect-1776
9020180705,Suspect-1777
9020180706,Suspect-1778
9020180707,Suspect-1779
9020180708,Suspect-1780
9020180709,Suspect-1781
9020180710,Suspect-1782
9020180711,Suspect-1783
9020180712,Suspect-1784
9020180713,Suspect-1785
9020180714,Suspect-1786
9020180715,Suspect-1787
9020180716,Suspect-1788
9020180717,Suspect-1789
9020180718,Suspect-1790
9020180719,Suspect-1791
9020180720,Suspect-1792
9020180721,Suspect-1793
9020180722,Suspect-1794
9020180723,Suspect-1795
9020180724,Suspect-1796
9020180725,Suspect-1797
9020180726,Suspect-1798
9020180727,Suspect-1799
9020180728,Suspect-1800
9020180729,Suspect-1801
9020180730,Suspect-1802
9020180731,Suspect-1803
9020180732,Suspect-1804
9020180733,Suspect-1805
9020180734,Suspect-1806
9020180735,Suspect-1807
9020180736,Suspect-1808
9020180737,Suspect-1809
9020180738,Suspect-1810
9020180739,Suspect-1811
9020180740,Suspect-1812
9020180741,Suspect-1813
9020180742,Suspect-1814
9020180743,Suspect-1815
9020180744,Suspect-1816
9020180745,Suspect-1817
9020180746,Suspect-1818
9020180747,Suspect-1819
9020180748,Suspect-1820
9020180749,Suspect-1821
9020180750,Suspect-1822
9020180751,Suspect-1823
9020180752,Suspect-1824
9020180753,Suspect-1825
9020180754,Suspect-1826
9020180755,Suspect-1827
9020180756,Suspect-1828
9020180757,Suspect-1829
9020180758,Suspect-1830
9020180759,Suspect-1831
9020180760,Suspect-1832
9020180761,Suspect-1833
9020180762,Suspect-1834
9020180763,Suspect-1835
9020180764,Suspect-1836
9020180765,Suspect-1837
9020180766,Suspect-1838
9020180767,Suspect-1839
9020180768,Suspect-1840
9020180769,Suspect-1841
9020180770,Suspect-1842
9020180771,Suspect-1843
9020180772,Suspect-1844
9020180773,Suspect-1845
9020180774,Suspect-1846
9020180775,Suspect-1847
9020180776,Suspect-1848
9020180777,Suspect-1849
9020180778,Suspect-1850
9020180779,Suspect-1851
9020180780,Suspect-1852
9020180781,Suspect-1853
9020180782,Suspect-1854
9020180783,Suspect-1855
9020180784,Suspect-1856
9020180785,Suspect-1857
9020180786,Suspect-1858
9020180787,Suspect-1859
9020180788,Suspect-1860
9020180789,Suspect-1861
9020180790,Suspect-1862
9020180791,Suspect-1863
9020180792,Suspect-1864
9020180793,Suspect-1865
9020180794,Suspect-1866
9020180795,Suspect-1867
9020180796,Suspect-1868
9020180797,Suspect-1869
9020180798,Suspect-1870
9020180799,Suspect-1871
9020180800,Suspect-1872
9020180801,Suspect-1873
9020180802,Suspect-1874
9020180803,Suspect-1875
9020180804,Suspect-1876
9020180805,Suspect-1877
9020180806,Suspect-1878
9020180807,Suspect-1879
9020180808,Suspect-1880
9020180809,Suspect-1881
9020180810,Suspect-1882
9020180811,Suspect-1883
9020180812,Suspect-1884
9020180813,Suspect-1885
9020180814,Suspect-1886
9020180815,Suspect-1887
9020180816,Suspect-1888
9020180817,Suspect-1889
9020180818,Suspect-1890
9020180819,Suspect-1891
9020180820,Suspect-1892
9020180821,Suspect-1893
9020180822,Suspect-1894
9020180823,Suspect-1895
9020180824,Suspect-1896
9020180825,Suspect-1897
9020180826,Suspect-1898
9020180827,Suspect-1899
9020180828,Suspect-1900
9020180829,Suspect-1901
9020180830,Suspect-1902
9020180831,Suspect-1903
9020180832,Suspect-1904
9020180833,Suspect-1905
9020180834,Suspect-1906
9020180835,Suspect-1907
9020180836,Suspect-1908
9020180837,Suspect-1909
9020180838,Suspect-1910
9020180839,Suspect-1911
9020180840,Suspect-1912
9020180841,Suspect-1913
9020180842,Suspect-1914
9020180843,Suspect-1915
9020180844,Suspect-1916
9020180845,Suspect-1917
9020180846,Suspect-1918
9020180847,Suspect-1919
9020180848,Suspect-1920
9020180849,Suspect-1921
9020180850,Suspect-1922
9020180851,Suspect-1923
9020180852,Suspect-1924
9020180853,Suspect-1925
9020180854,Suspect-1926
9020180855,Suspect-1927
9020180856,Suspect-1928
9020180857,Suspect-1929
9020180858,Suspect-1930
9020180859,Suspect-1931
9020180860,Suspect-1932
9020180861,Suspect-1933
9020180862,Suspect-1934
9020180863,Suspect-1935
9020180864,Suspect-1936
9020180865,Suspect-1937
9020180866,Suspect-1938
9020180867,Suspect-1939
9020180868,Suspect-1940
9020180869,Suspect-1941
9020180870,Suspect-1942
9020180871,Suspect-1943
9020180872,Suspect-1944
9020180873,Suspect-1945
9020180874,Suspect-1946
9020180875,Suspect-1947
9020180876,Suspect-1948
9020180877,Suspect-1949
9020180878,Suspect-1950
9020180879,Suspect-1951
9020180880,Suspect-1952
9020180881,Suspect-1953
9020180882,Suspect-1954
9020180883,Suspect-1955
9020180884,Suspect-1956
9020180885,Suspect-1957
9020180886,Suspect-1958
9020180887,Suspect-1959
9020180888,Suspect-1960
9020180889,Suspect-1961
9020180890,Suspect-1962
9020180891,Suspect-1963
9020180892,Suspect-1964
9020180893,Suspect-1965
9020180894,Suspect-1966
9020180895,Suspect-1967
9020180896,Suspect-1968
9020180897,Suspect-1969
9020180898,Suspect-1970
9020180899,Suspect-1971
9020180900,Suspect-1972
9020180901,Suspect-1973
9020180902,Suspect-1974
9020180903,Suspect-1975
9020180904,Suspect-1976
9020180905,Suspect-1977
9020180906,Suspect-1978
9020180907,Suspect-1979
9020180908,Suspect-1980
9020180909,Suspect-1981
9020180910,Suspect-1982
9020180911,Suspect-1983
9020180912,Suspect-1984
9020180913,Suspect-1985
9020180914,Suspect-1986
9020180915,Suspect-1987
9020180916,Suspect-1988
9020180917,Suspect-1989
9020180918,Suspect-1990
9020180919,Suspect-1991
9020180920,Suspect-1992
9020180921,Suspect-1993
9020180922,Suspect-1994
9020180923,Suspect-1995
9020180924,Suspect-1996
9020180925,Suspect-1997
9020180926,Suspect-1998
9020180927,Suspect-1999
9020180928,Suspect-2000
8606680460,Suspect-2222
